id,full_name,performance_score,potential_score,department_id,talent_tier,risk_band,box,position,readiness_level
57bfb7f8-bd54-4664-933a-9ab568c22674,"Lý Thanh Linh",48.8,40.9,cd30e78f-ff5c-4541-b163-47591c7062cc,"Nòng cốt",Medium,5,"Nhân viên Hỗ Trợ HN","Ready in 2 Years"
f2e28ede-7069-4882-a2c2-a8d6ac10974d,"Đỗ Minh Sơn",68.4,85.9,009926be-d820-46e3-a541-a604327b695e,"Tiềm năng",Low,6,"Tổng Giám Đốc","Ready Now"
3c287f70-2066-49c8-b44b-c1eca2b26d8d,"Ngô Quốc Bình",90.2,63.6,009926be-d820-46e3-a541-a604327b695e,"Tiềm năng",Low,8,"Phó Tổng Giám Đốc Kinh Doanh","Ready Now"
ae2be2da-db24-48bd-8c9e-0510e0a39e2a,"Nguyễn Như Nguyên",68.3,69.7,009926be-d820-46e3-a541-a604327b695e,"Tiềm năng",Low,1,"Phó Tổng Giám Đốc Vận Hành","Ready Now"
b50d6fd6-5c2e-4133-8aee-f3b093b46113,"Hồ Thanh Nguyên",91.6,74.0,4d6bb379-289d-44bf-9a83-46ad5731cf3f,"Tiềm năng",Low,9,"Giám đốc Nhân Sự","Ready Now"
56da6f8b-c8d5-44ae-a3ca-3850cdd37b89,"Vũ Hữu Đức",66.6,63.8,abab928d-5192-4a3d-85f8-ef4d890c225a,"Tiềm năng",Low,5,"Giám đốc Tài Chính","Ready Now"
0854716d-392b-47e0-b6c1-70d9d41e5579,"Đỗ Hữu Long",96.5,90.7,0909368e-fb16-4fc4-a334-d2f0fb4edd91,"Kế thừa",Low,9,"Giám đốc Kinh Doanh","Ready Now"
db0df6e4-b7f1-40b0-9996-b527ca597b60,"Bùi Hữu Hải",92.4,70.8,f2caae64-0618-4ab3-813c-ac0bb1665d71,"Tiềm năng",Low,9,"Giám đốc Công Nghệ","Ready Now"
998e9d4a-ff27-41a5-b680-4007c52d42c7,"Lý Quang Nghĩa",79.5,78.1,1c74071c-6f03-479a-bb70-56a002c34c3d,"Tiềm năng",Low,9,"Giám đốc Vận Hành","Ready Now"
4145ec08-5925-453e-ace7-08fd3da5ef00,"Phạm Thanh Anh",80.6,74.2,853f65f2-9c5a-4da9-91d4-5d343dbf9c95,"Tiềm năng",Low,9,"Giám đốc Marketing","Ready Now"
a1408646-9cc0-4f8f-8501-0b46e510fc5d,"Lê Kim Mai",67.5,88.3,15723ce5-6218-41ed-98b8-6d37c2ec3216,"Tiềm năng",Low,6,"Giám đốc Pháp Lý","Ready Now"
85f46195-fb4c-4f36-a9f2-6682440b1cc1,"Hoàng Gia Dũng",97.8,79.5,cd30e78f-ff5c-4541-b163-47591c7062cc,"Kế thừa",Low,9,"Giám đốc Chi Nhánh Hà Nội","Ready Now"
049c1691-8703-46c2-900f-8e78c09a1769,"Trần Trí Hùng",83.8,80.3,d3a14668-539e-4184-ba8e-5482120e7581,"Kế thừa",Low,9,"Giám đốc Chi Nhánh Đà Nẵng","Ready Now"
9a4f2512-8277-48f6-83de-fd91f6b778ad,"Nguyễn Đình Lâm",81.7,64.6,cfc2cad0-813d-41b8-bbbf-5555d376e7b6,"Tiềm năng",Low,8,"Giám đốc Chiến Lược","Ready Now"
12547f34-a1e2-4bd3-9388-4710e332403d,"Hoàng Minh Hương",63.4,63.7,4d6bb379-289d-44bf-9a83-46ad5731cf3f,"Nòng cốt",Medium,5,"Trưởng phòng Tuyển Dụng","Ready in 2 Years"
e12fb0e8-db06-41e6-924e-65d0e6917b76,"Đặng Gia Phúc",47.0,72.4,d3a14668-539e-4184-ba8e-5482120e7581,"Tiềm năng",Low,6,"Chuyên viên KD ĐN","Ready in 2 Years"
0c7f9a18-4a52-4c30-8097-1a42f9bedad0,"Lê Tú Nguyên",84.5,63.3,4d6bb379-289d-44bf-9a83-46ad5731cf3f,"Tiềm năng",Medium,8,"Trưởng phòng C&B","Ready Now"
c9b67da2-ec3f-4e23-9c9b-fd30e805564d,"Phạm Thị Linh",93.7,61.2,abab928d-5192-4a3d-85f8-ef4d890c225a,"Tiềm năng",Medium,8,"Trưởng phòng Kế Toán","Ready Now"
b6475511-39d7-40ed-929a-a57e8ef3d8af,"Trần Trọng Châu",55.1,87.0,abab928d-5192-4a3d-85f8-ef4d890c225a,"Tiềm năng",Medium,6,"Trưởng phòng Kiểm Toán Nội Bộ","Ready in 2 Years"
c78be7b2-e282-41b4-87b5-ddf7eec4452e,"Vũ Hồng Huy",92.6,77.1,0909368e-fb16-4fc4-a334-d2f0fb4edd91,"Kế thừa",Medium,9,"Trưởng phòng KD Quốc Tế","Ready Now"
6624defd-7d6b-45df-a029-7f14ffa6c48a,"Lê Bảo Hùng",68.4,82.7,0909368e-fb16-4fc4-a334-d2f0fb4edd91,"Tiềm năng",Medium,6,"Trưởng phòng KD Nội Địa","Ready in 2 Years"
6f6ca5a7-55b5-41d9-b1bc-3aca7d2efb80,"Nguyễn Tú Hương",82.8,68.6,0909368e-fb16-4fc4-a334-d2f0fb4edd91,"Tiềm năng",Medium,8,"Trưởng phòng CSKH","Ready Now"
14a5ab1e-bfdb-42b2-be5e-276884e9fcaf,"Võ Gia Nam",88.6,61.1,f2caae64-0618-4ab3-813c-ac0bb1665d71,"Tiềm năng",Medium,8,"Trưởng phòng Phát Triển","Ready Now"
8c6368c5-8139-4462-8cd4-5ab93c890dc3,"Nguyễn Trọng Thành",61.6,68.7,1c74071c-6f03-479a-bb70-56a002c34c3d,"Tiềm năng",Low,5,"Trưởng phòng Kho Bãi","Ready in 1 Year"
da5f13ee-0175-4898-b44c-e1622b7cb745,"Dương Trọng Khoa",57.1,88.1,1c74071c-6f03-479a-bb70-56a002c34c3d,"Tiềm năng",Low,6,"Trưởng phòng Điều Phối Vận Chuyển","Ready in 2 Years"
d3230c06-1f39-4f18-bfcd-92966660ee97,"Huỳnh Thu Chi",87.8,88.6,853f65f2-9c5a-4da9-91d4-5d343dbf9c95,"Kế thừa",Low,9,"Trưởng phòng Marketing Số","Ready Now"
0e1aaa4e-a064-4029-b977-53f3371e166d,"Ngô Mỹ Châu",57.8,75.9,58204656-7914-4f8c-89a7-d08559725b57,"Tiềm năng",Low,6,"Trưởng phòng Hành Chính","Ready in 2 Years"
74b2a67d-2f9d-4cd6-8e9c-9b91fd8a5827,"Võ Trọng Châu",92.4,61.2,cd30e78f-ff5c-4541-b163-47591c7062cc,"Tiềm năng",Low,8,"Trưởng phòng KD Hà Nội","Ready Now"
33855c4f-a2ce-4fcf-8975-b5df6fd959c5,"Nguyễn Quang Nghĩa",77.2,59.6,d3a14668-539e-4184-ba8e-5482120e7581,"Tiềm năng",Low,8,"Trưởng phòng KD Đà Nẵng","Ready in 1 Year"
d7a77c70-fc43-48ff-81c2-3f48adc91dcb,"Hoàng Ngọc Dung",51.0,66.8,4d6bb379-289d-44bf-9a83-46ad5731cf3f,"Tiềm năng",Medium,5,"Chuyên viên Tuyển Dụng Cao Cấp","Ready in 2 Years"
8a987e04-cfe9-4b34-a85e-608da23dac56,"Đặng Ngọc Anh",73.7,63.5,4d6bb379-289d-44bf-9a83-46ad5731cf3f,"Tiềm năng",Medium,8,"Chuyên viên Tuyển Dụng Cao Cấp","Ready in 1 Year"
65cdad92-33f7-4633-a5f0-8c503eb0fdad,"Dương Đình Nam",74.1,78.4,d3a14668-539e-4184-ba8e-5482120e7581,"Tiềm năng",Medium,9,"Chuyên viên KD ĐN","Ready in 2 Years"
9818dd33-c61f-4255-8653-7b618a0893b5,"Bùi Thị Mai",58.9,89.8,4d6bb379-289d-44bf-9a83-46ad5731cf3f,"Tiềm năng",Medium,6,"Chuyên viên C&B Cao Cấp","Ready in 2 Years"
bdba3d9c-faf4-4853-906a-5e69896186d3,"Trần Phương Dung",70.7,89.4,4d6bb379-289d-44bf-9a83-46ad5731cf3f,"Tiềm năng",Medium,9,"Chuyên viên C&B Cao Cấp","Ready in 2 Years"
fb3ad21b-5cdd-4725-af4a-00dbe9edec1b,"Bùi Thúy Nguyên",72.6,44.7,abab928d-5192-4a3d-85f8-ef4d890c225a,"Tiềm năng",High,8,"Kế Toán Trưởng","Ready in 1 Year"
382bf35b-0b54-465a-a965-a4c2499c9699,"Dương Minh Dung",86.0,54.1,abab928d-5192-4a3d-85f8-ef4d890c225a,"Tiềm năng",Low,8,"Kế Toán Trưởng","Ready in 1 Year"
c27bc0dc-db53-4a75-ba9b-729e74528648,"Huỳnh Hồng Thu",84.6,72.6,abab928d-5192-4a3d-85f8-ef4d890c225a,"Tiềm năng",Low,9,"Kế Toán Trưởng","Ready Now"
1ff47fe7-2592-4f68-a57a-5fd7c49ec950,"Hoàng Hữu Phúc",73.3,79.6,abab928d-5192-4a3d-85f8-ef4d890c225a,"Tiềm năng",Low,9,"Kiểm Toán Viên Cao Cấp","Ready in 1 Year"
cbdee554-8d7e-44ce-9734-25cb4653c820,"Lê Minh Dũng",66.2,52.5,0909368e-fb16-4fc4-a334-d2f0fb4edd91,"Tiềm năng",Medium,5,"Chuyên viên KD Cao Cấp","Ready in 1 Year"
da1d54b7-c9de-4c1a-8abf-896697f1ff67,"Dương Gia Huy",76.8,71.0,0909368e-fb16-4fc4-a334-d2f0fb4edd91,"Tiềm năng",Medium,9,"Chuyên viên KD Cao Cấp","Ready Now"
2be94e10-8287-4735-87d1-333c22d64b3a,"Lý Hữu Tùng",90.7,87.2,0909368e-fb16-4fc4-a334-d2f0fb4edd91,"Kế thừa",High,9,"Chuyên viên KD Cao Cấp","Ready in 1 Year"
fd849af5-3b6a-49e7-8e86-38c849550237,"Bùi Trọng Phúc",76.0,87.2,0909368e-fb16-4fc4-a334-d2f0fb4edd91,"Tiềm năng",Low,9,"Chuyên viên KD Cao Cấp","Ready Now"
67417893-77a5-4894-aec7-ad73beef031a,"Huỳnh Bảo Khánh",89.3,72.7,0909368e-fb16-4fc4-a334-d2f0fb4edd91,"Tiềm năng",Medium,9,"Chuyên viên KD Cao Cấp","Ready in 1 Year"
eab53c22-2fb7-443c-98e9-58d1f9546e17,"Dương Văn Anh",74.4,40.8,0909368e-fb16-4fc4-a334-d2f0fb4edd91,"Tiềm năng",Low,8,"Key Account Manager","Ready in 1 Year"
9f8dfcc2-29b5-4f44-b0d6-a152444396da,"Hoàng Đình Sơn",79.3,64.5,0909368e-fb16-4fc4-a334-d2f0fb4edd91,"Tiềm năng",High,8,"Key Account Manager","Ready Now"
4127b186-eff6-42b7-ab2e-6e41fb3f6cf2,"Lý Ngọc Khánh",56.4,56.9,0909368e-fb16-4fc4-a334-d2f0fb4edd91,"Nòng cốt",Medium,5,"Key Account Manager","Ready in 2 Years"
a7dbea06-2064-4aab-ac37-a0b3c1fa2f28,"Dương Trí Lâm",91.5,81.5,f2caae64-0618-4ab3-813c-ac0bb1665d71,"Kế thừa",Low,9,"Senior Developer","Ready Now"
efd789e7-3349-4dfd-827d-886f494c600a,"Vũ Đình Thành",83.8,68.4,f2caae64-0618-4ab3-813c-ac0bb1665d71,"Tiềm năng",Low,8,"Senior Developer","Ready Now"
c780f324-a896-4a1b-9d98-6f880b469f44,"Đỗ Trí Hải",64.8,70.0,f2caae64-0618-4ab3-813c-ac0bb1665d71,"Tiềm năng",Low,6,"Senior Developer","Ready in 2 Years"
ef8b15e1-a98d-42d6-8fbf-67ccf19eb56d,"Vũ Công Tuấn",88.1,68.8,f2caae64-0618-4ab3-813c-ac0bb1665d71,"Tiềm năng",Medium,8,"Senior Developer","Ready in 1 Year"
a350aa87-c525-4502-b249-5904c9f784f3,"Bùi Ngọc Châu",94.3,56.2,f2caae64-0618-4ab3-813c-ac0bb1665d71,"Tiềm năng",High,8,"Senior DevOps Engineer","Ready in 1 Year"
9d3f7338-ca9e-40b5-a4ea-b8d21dc4c089,"Bùi Mỹ Ánh",84.6,84.8,f2caae64-0618-4ab3-813c-ac0bb1665d71,"Kế thừa",Medium,9,"Business Analyst Cao Cấp","Ready Now"
5c0f3343-e93e-499c-9fb4-4ba70d9e7e18,"Huỳnh Phương Ngọc",74.9,79.5,f2caae64-0618-4ab3-813c-ac0bb1665d71,"Tiềm năng",Medium,9,"Business Analyst Cao Cấp","Ready in 1 Year"
c919d48f-d93b-48ad-8203-48c2ecd17fed,"Lê Mỹ Hằng",61.4,46.4,f2caae64-0618-4ab3-813c-ac0bb1665d71,"Nòng cốt",Medium,5,"Business Analyst Cao Cấp","Ready in 1 Year"
012e6508-1a8f-42bb-8303-5948f24fbb87,"Đặng Công Tùng",75.9,69.9,1c74071c-6f03-479a-bb70-56a002c34c3d,"Tiềm năng",Low,1,"Supervisor Kho Bãi","Ready Now"
1b336d70-6f6a-4589-a4f6-059c0d0af953,"Phạm Đức Hải",94.2,63.1,1c74071c-6f03-479a-bb70-56a002c34c3d,"Tiềm năng",Low,8,"Supervisor Kho Bãi","Ready in 1 Year"
b27f0240-446e-41d2-b2de-6992db0448c5,"Trần Ngọc Nam",66.9,87.3,1c74071c-6f03-479a-bb70-56a002c34c3d,"Tiềm năng",Low,6,"Supervisor Kho Bãi","Ready in 2 Years"
b7750966-705f-4638-a8da-52a9c6071c71,"Bùi Quang Sơn",52.2,61.5,1c74071c-6f03-479a-bb70-56a002c34c3d,"Nòng cốt",Medium,5,"Chuyên viên Logistics Cao Cấp","Ready in 2 Years"
3dbd8dfc-a0d2-44fe-b1a2-13225b73b26a,"Huỳnh Đức Sơn",77.9,45.2,1c74071c-6f03-479a-bb70-56a002c34c3d,"Tiềm năng",Medium,8,"Chuyên viên Logistics Cao Cấp","Ready in 1 Year"
d6d636e5-698b-4c3a-a688-d920005ba018,"Ngô Thanh Tuấn",85.8,63.7,1c74071c-6f03-479a-bb70-56a002c34c3d,"Tiềm năng",Low,8,"Chuyên viên Logistics Cao Cấp","Ready Now"
7fa8deeb-c083-4254-a9a7-959d6aa5c577,"Lý Ngọc Tùng",66.5,89.8,1c74071c-6f03-479a-bb70-56a002c34c3d,"Tiềm năng",Low,6,"Chuyên viên Logistics Cao Cấp","Ready in 2 Years"
f82ea602-9ba1-4eb3-ad97-5c3f0179831e,"Đặng Đức Lâm",45.5,82.5,cfc2cad0-813d-41b8-bbbf-5555d376e7b6,"Tiềm năng",High,6,"Chuyên viên Kế Hoạch","Ready in 2 Years"
8893c553-5726-4898-8865-845121a7ff33,"Ngô Minh Thư",77.5,52.5,853f65f2-9c5a-4da9-91d4-5d343dbf9c95,"Tiềm năng",Low,8,"Senior Marketing Executive","Ready Now"
eef8bd92-e008-4f85-aa16-b9cd3cd4f765,"Lý Hồng Nhung",78.4,75.5,853f65f2-9c5a-4da9-91d4-5d343dbf9c95,"Tiềm năng",Medium,9,"Senior Marketing Executive","Ready in 1 Year"
adf72673-8298-4634-9abc-6eafa463e36f,"Vũ Thanh Châu",53.1,86.7,15723ce5-6218-41ed-98b8-6d37c2ec3216,"Tiềm năng",Low,6,"Chuyên viên Pháp Lý Cao Cấp","Ready in 2 Years"
97bedf23-a86d-4a6a-9817-2fee36b203b9,"Lê Như Chi",73.2,81.3,15723ce5-6218-41ed-98b8-6d37c2ec3216,"Tiềm năng",Low,9,"Chuyên viên Pháp Lý Cao Cấp","Ready in 1 Year"
cf56a906-8494-41b7-b9e3-219b6d76c76d,"Vũ Đức Dũng",65.8,63.2,cd30e78f-ff5c-4541-b163-47591c7062cc,"Tiềm năng",Low,5,"Chuyên viên KD HN Cao Cấp","Ready in 1 Year"
33c52043-018b-49ac-952a-c799e35dd86e,"Hoàng Trọng Lâm",85.7,86.7,cd30e78f-ff5c-4541-b163-47591c7062cc,"Kế thừa",Medium,9,"Chuyên viên KD HN Cao Cấp","Ready Now"
1811725f-fc9f-42da-86bc-716a7ea9345a,"Lý Công Hải",66.5,84.1,cd30e78f-ff5c-4541-b163-47591c7062cc,"Tiềm năng",Medium,6,"Chuyên viên KD HN Cao Cấp","Ready in 2 Years"
4bc8caca-62f9-493b-bcd9-d9723846d6cc,"Ngô Hữu Khánh",65.1,42.0,d3a14668-539e-4184-ba8e-5482120e7581,"Tiềm năng",Low,5,"Chuyên viên KD ĐN Cao Cấp","Ready in 2 Years"
7007e61f-1f05-4b0d-9106-fb8e88906345,"Lê Thảo Nguyên",45.9,55.7,4d6bb379-289d-44bf-9a83-46ad5731cf3f,"Nòng cốt",Low,5,"Chuyên viên Tuyển Dụng","Ready in 2 Years"
1c25ebf1-056c-48d1-8b39-653af3bd4272,"Lý Thanh Tuyền",81.0,72.2,4d6bb379-289d-44bf-9a83-46ad5731cf3f,"Tiềm năng",Medium,9,"Chuyên viên Tuyển Dụng","Ready in 1 Year"
97005458-d344-4bc5-b27e-3ded85845319,"Hoàng Ngọc Hương",94.0,80.9,4d6bb379-289d-44bf-9a83-46ad5731cf3f,"Kế thừa",High,9,"Chuyên viên Tuyển Dụng","Ready Now"
6537ef01-a591-46fa-b34e-9316797cc9dd,"Nguyễn Như Ánh",65.7,75.9,4d6bb379-289d-44bf-9a83-46ad5731cf3f,"Tiềm năng",Low,6,"Chuyên viên Tuyển Dụng","Ready in 1 Year"
2440912a-2871-44ac-a957-8a65e7911c93,"Lý Thu Ánh",61.5,76.6,4d6bb379-289d-44bf-9a83-46ad5731cf3f,"Tiềm năng",Medium,6,"Chuyên viên Đào Tạo","Ready in 1 Year"
3c35f82f-dda8-49c7-a70f-cc78ebebaa31,"Huỳnh Tú Nguyên",82.7,87.7,4d6bb379-289d-44bf-9a83-46ad5731cf3f,"Kế thừa",Low,9,"Chuyên viên Đào Tạo","Ready Now"
94212368-5a0b-46fb-b619-d69ab1411f0f,"Đỗ Bảo Khánh",70.5,78.7,1c74071c-6f03-479a-bb70-56a002c34c3d,"Tiềm năng",Medium,9,"Nhân viên Kho Bãi","Ready in 1 Year"
9db19189-a282-413a-b36f-e444ac0f5b9f,"Phạm Mỹ Hằng",72.1,43.0,abab928d-5192-4a3d-85f8-ef4d890c225a,"Tiềm năng",Medium,8,"Kế Toán Viên","Ready in 2 Years"
ff02b2a9-1c35-4fe4-894d-e170cfca1917,"Lê Thanh Lan",86.7,77.8,abab928d-5192-4a3d-85f8-ef4d890c225a,"Kế thừa",High,9,"Kế Toán Viên","Ready in 1 Year"
46fc775f-5e47-4a4c-a567-ccee6ef7772b,"Phạm Lan Hằng",78.6,83.6,abab928d-5192-4a3d-85f8-ef4d890c225a,"Tiềm năng",Low,9,"Kế Toán Viên","Ready Now"
e9b87c4b-f95c-4f5c-a793-91410b87d13d,"Hoàng Tú Anh",58.8,67.8,abab928d-5192-4a3d-85f8-ef4d890c225a,"Tiềm năng",Medium,5,"Chuyên viên Tài Chính","Ready in 2 Years"
af91a2ed-1912-4cb9-b36a-187aada49b73,"Đặng Bích Nguyên",85.3,85.7,abab928d-5192-4a3d-85f8-ef4d890c225a,"Kế thừa",Medium,9,"Chuyên viên Tài Chính","Ready in 1 Year"
20a8e520-be9f-4976-89dd-f997151a398a,"Đặng Như Hạnh",69.9,44.9,abab928d-5192-4a3d-85f8-ef4d890c225a,"Tiềm năng",High,1,"Chuyên viên Tài Chính","Ready in 2 Years"
10f33416-de29-45d5-9481-4c443bccc654,"Võ Quang Thành",69.5,48.4,0909368e-fb16-4fc4-a334-d2f0fb4edd91,"Tiềm năng",Medium,1,"Chuyên viên Kinh Doanh","Ready in 1 Year"
c270302a-8cca-4a5e-aca2-0b8d41dba44e,"Huỳnh Văn Lâm",78.0,40.8,0909368e-fb16-4fc4-a334-d2f0fb4edd91,"Tiềm năng",Medium,8,"Chuyên viên Kinh Doanh","Ready in 1 Year"
37a9c4ac-4063-44eb-9915-b412a49d8aaf,"Trần Hữu Phương",56.3,74.2,0909368e-fb16-4fc4-a334-d2f0fb4edd91,"Tiềm năng",Medium,6,"Chuyên viên Kinh Doanh","Ready in 2 Years"
dce438d8-b109-47a5-9388-ac2bbad12f6b,"Lý Quang Tuấn",73.3,53.6,0909368e-fb16-4fc4-a334-d2f0fb4edd91,"Tiềm năng",High,8,"Chuyên viên Kinh Doanh","Ready in 2 Years"
3851373e-f166-4661-93c7-33e0cc9a46f2,"Đỗ Trí Phương",80.7,44.1,0909368e-fb16-4fc4-a334-d2f0fb4edd91,"Tiềm năng",Low,8,"Chuyên viên Kinh Doanh","Ready Now"
311f1cf6-6b47-446e-804c-b038afb30aa4,"Huỳnh Quang Hùng",64.3,54.6,0909368e-fb16-4fc4-a334-d2f0fb4edd91,"Nòng cốt",Medium,5,"Chuyên viên Kinh Doanh","Ready in 1 Year"
ff67dd31-0f69-4cc1-8322-d01823ebcc32,"Ngô Minh Phúc",74.7,49.8,0909368e-fb16-4fc4-a334-d2f0fb4edd91,"Tiềm năng",Low,8,"Chuyên viên Kinh Doanh","Ready in 2 Years"
34a27b2d-0a31-4f9c-9a3b-085c526e03a8,"Phạm Đình Thành",79.7,64.6,0909368e-fb16-4fc4-a334-d2f0fb4edd91,"Tiềm năng",Medium,8,"Chuyên viên Kinh Doanh","Ready Now"
6d04c507-a466-44ba-98b3-d3b5ea4277f0,"Đặng Ngọc Hùng",77.7,84.3,1c74071c-6f03-479a-bb70-56a002c34c3d,"Tiềm năng",Low,9,"Nhân viên Kho Bãi","Ready Now"
17c0fb2e-241f-4a25-bfdc-0d194d2f35fc,"Trần Thúy Nguyên",75.6,68.2,0909368e-fb16-4fc4-a334-d2f0fb4edd91,"Tiềm năng",Medium,8,"Nhân viên CSKH","Ready in 1 Year"
d19cc691-f446-49da-969f-e36f3ef957e6,"Bùi Hồng Ánh",59.8,86.0,0909368e-fb16-4fc4-a334-d2f0fb4edd91,"Tiềm năng",Low,6,"Nhân viên CSKH","Ready in 2 Years"
bd6e9035-b434-4675-83c4-2808ee43ab0f,"Trần Thị Tuyền",91.5,77.0,0909368e-fb16-4fc4-a334-d2f0fb4edd91,"Kế thừa",Medium,9,"Nhân viên CSKH","Ready Now"
9f011f28-f0fd-4eb0-83b2-925f58a83d51,"Hồ Thúy Ngọc",60.7,51.9,0909368e-fb16-4fc4-a334-d2f0fb4edd91,"Nòng cốt",Low,5,"Nhân viên CSKH","Ready in 2 Years"
c7e1bf94-fb36-4937-8de6-2d802d0b0d27,"Lê Phương Nhung",45.5,46.8,0909368e-fb16-4fc4-a334-d2f0fb4edd91,"Nòng cốt",Medium,5,"Nhân viên CSKH","Ready in 2 Years"
a92dfb42-f5ed-41ba-b59d-1ec16d9e7e7a,"Võ Trí Hải",58.4,67.2,f2caae64-0618-4ab3-813c-ac0bb1665d71,"Tiềm năng",High,5,Developer,"Ready in 2 Years"
02d69381-c0bd-40d7-9c95-e653ec26ce2b,"Ngô Ngọc Đức",88.1,70.5,f2caae64-0618-4ab3-813c-ac0bb1665d71,"Tiềm năng",Medium,9,Developer,"Ready Now"
af5f4502-167a-431b-82ea-3c220e77695c,"Lý Gia Phúc",88.4,82.4,f2caae64-0618-4ab3-813c-ac0bb1665d71,"Kế thừa",Low,9,Developer,"Ready in 1 Year"
d4502ae5-f89f-496d-a398-3189a88f598c,"Huỳnh Gia Tuấn",68.0,46.2,f2caae64-0618-4ab3-813c-ac0bb1665d71,"Tiềm năng",Medium,5,Developer,"Ready in 2 Years"
8c702b36-a902-4285-b9a2-3071598271c9,"Hồ Hồng Đức",45.1,63.8,f2caae64-0618-4ab3-813c-ac0bb1665d71,"Nòng cốt",Low,5,Developer,"Ready in 2 Years"
af07b3bd-4e4c-44f0-b663-65ab6c07fdfd,"Lê Trọng Anh",73.2,70.5,f2caae64-0618-4ab3-813c-ac0bb1665d71,"Tiềm năng",Low,9,Developer,"Ready in 2 Years"
c490bf75-477c-48f9-bf3d-26a5be03e7ad,"Phạm Ngọc Hằng",75.4,78.9,f2caae64-0618-4ab3-813c-ac0bb1665d71,"Tiềm năng",Medium,9,"QC Engineer","Ready in 1 Year"
c69256b2-5e5a-4ecb-8d77-fd79be2e16ea,"Lý Phương Anh",79.1,78.1,f2caae64-0618-4ab3-813c-ac0bb1665d71,"Tiềm năng",High,9,"QC Engineer","Ready Now"
211a7269-b70a-4662-a985-ed590e9142c1,"Trần Thanh Linh",74.3,78.2,f2caae64-0618-4ab3-813c-ac0bb1665d71,"Tiềm năng",Medium,9,"QC Engineer","Ready in 1 Year"
66541f2d-6ccc-4c73-a7c6-a92df9d6bf25,"Nguyễn Hồng Hải",66.5,54.6,1c74071c-6f03-479a-bb70-56a002c34c3d,"Tiềm năng",Low,5,"Nhân viên Kho Bãi","Ready in 1 Year"
a7079382-bfca-4df3-891c-264acaee7aef,"Bùi Thanh Dũng",83.8,76.6,f2caae64-0618-4ab3-813c-ac0bb1665d71,"Kế thừa",Medium,9,"System Admin","Ready Now"
2cd5eec7-61a0-4d4a-92ce-fd08be6a2b3e,"Vũ Đình Tuấn",91.1,84.9,1c74071c-6f03-479a-bb70-56a002c34c3d,"Kế thừa",Medium,9,"Nhân viên Kho Bãi","Ready in 1 Year"
cd3a5985-73e3-4d9c-ab4e-8c6e00a4b6b6,"Hồ Công Thành",92.2,46.8,1c74071c-6f03-479a-bb70-56a002c34c3d,"Tiềm năng",Medium,8,"Nhân viên Kho Bãi","Ready Now"
1dbc5bf5-4426-4c37-8fa2-9d6fc8c1614d,"Phạm Công Thành",62.8,65.7,1c74071c-6f03-479a-bb70-56a002c34c3d,"Tiềm năng",Medium,5,"Nhân viên Kho Bãi","Ready in 2 Years"
8d583611-2581-4218-88a2-caa138f41a7d,"Vũ Quốc Phúc",89.2,41.7,1c74071c-6f03-479a-bb70-56a002c34c3d,"Tiềm năng",Medium,8,"Nhân viên Kho Bãi","Ready Now"
78e78286-ebea-4d1f-80c7-06c6a722318e,"Vũ Ngọc Phúc",90.6,65.1,1c74071c-6f03-479a-bb70-56a002c34c3d,"Tiềm năng",Medium,8,"Nhân viên Kho Bãi","Ready Now"
f78d6e9d-9bad-4feb-b21f-dd45a7173be4,"Dương Ngọc Tuấn",84.9,57.7,1c74071c-6f03-479a-bb70-56a002c34c3d,"Tiềm năng",Medium,8,"Nhân viên Kho Bãi","Ready Now"
3ff85889-30b1-408f-bf4c-878b6d64cdcd,"Võ Văn Hùng",71.3,40.0,1c74071c-6f03-479a-bb70-56a002c34c3d,"Tiềm năng",High,8,"Nhân viên Kho Bãi","Ready in 1 Year"
c3639a8c-b7c7-4a46-88a9-0e2a499aafaf,"Vũ Trí Long",52.9,87.4,1c74071c-6f03-479a-bb70-56a002c34c3d,"Tiềm năng",Medium,6,"Nhân viên Vận Chuyển","Ready in 2 Years"
76baad34-08f9-4802-9ffb-c405c077d17c,"Vũ Công Châu",85.4,70.6,1c74071c-6f03-479a-bb70-56a002c34c3d,"Tiềm năng",Medium,9,"Nhân viên Vận Chuyển","Ready Now"
af69af6a-cb75-4040-b677-ec87b9206f3b,"Lý Trọng Nam",93.9,56.9,1c74071c-6f03-479a-bb70-56a002c34c3d,"Tiềm năng",High,8,"Nhân viên Vận Chuyển","Ready in 1 Year"
e1e7a261-eff5-4cc6-8bc3-77e0b488f4dd,"Trần Văn Phương",47.7,40.2,1c74071c-6f03-479a-bb70-56a002c34c3d,"Nòng cốt",Low,5,"Nhân viên Vận Chuyển","Ready in 2 Years"
c406d689-b008-4aa8-b47c-3fa709a51be5,"Đỗ Quang Phương",67.3,53.2,1c74071c-6f03-479a-bb70-56a002c34c3d,"Tiềm năng",Medium,5,"Nhân viên Vận Chuyển","Ready in 1 Year"
3fd8bc85-4abc-4d97-a2be-6428b2a50e72,"Đặng Bảo Hải",64.7,82.7,1c74071c-6f03-479a-bb70-56a002c34c3d,"Tiềm năng",Low,6,"Nhân viên Vận Chuyển","Ready in 1 Year"
d1c75475-a9b2-4baa-8e56-0c54aca5fc30,"Dương Quang Phúc",73.6,63.7,1c74071c-6f03-479a-bb70-56a002c34c3d,"Tiềm năng",Low,8,"Chuyên viên Logistics","Ready in 2 Years"
c38f43ff-c85c-41a1-babf-7a0e0eaec900,"Lê Ngọc Tùng",86.6,81.8,1c74071c-6f03-479a-bb70-56a002c34c3d,"Kế thừa",Low,9,"Chuyên viên Logistics","Ready in 1 Year"
d4833cd2-245f-4024-8470-5c5600643d38,"Đặng Hữu Phúc",49.5,41.4,1c74071c-6f03-479a-bb70-56a002c34c3d,"Nòng cốt",Low,5,"Chuyên viên Logistics","Ready in 2 Years"
7b950119-9084-4764-ac43-83efbc402da3,"Đỗ Quốc Lâm",85.3,55.3,1c74071c-6f03-479a-bb70-56a002c34c3d,"Tiềm năng",High,8,"Chuyên viên Logistics","Ready in 1 Year"
6ec05e0f-c2e4-416f-815f-c1c14fb76f37,"Hoàng Bảo Long",77.0,83.1,1c74071c-6f03-479a-bb70-56a002c34c3d,"Tiềm năng",Low,9,"Chuyên viên Logistics","Ready in 1 Year"
bede56c8-99b8-4159-b2a1-8daf219cdad1,"Vũ Kim Châu",62.2,75.7,853f65f2-9c5a-4da9-91d4-5d343dbf9c95,"Tiềm năng",Medium,6,"Marketing Executive","Ready in 2 Years"
dcb057d3-02c7-4184-bf4b-9a1291155178,"Lý Phương Hằng",60.4,79.4,853f65f2-9c5a-4da9-91d4-5d343dbf9c95,"Tiềm năng",Low,6,"Marketing Executive","Ready in 2 Years"
a86cc463-8e0e-4792-9816-91546127fcd0,"Dương Thảo Anh",73.5,85.3,853f65f2-9c5a-4da9-91d4-5d343dbf9c95,"Tiềm năng",Medium,9,"Marketing Executive","Ready in 2 Years"
a3d747e6-c258-4e49-bdc6-28986cb2d50c,"Vũ Thanh Thư",59.9,54.5,853f65f2-9c5a-4da9-91d4-5d343dbf9c95,"Nòng cốt",Medium,5,"Marketing Executive","Ready in 2 Years"
d9168838-8a23-4235-b4e5-12d55b5b1b95,"Trần Phương Châu",76.2,69.7,853f65f2-9c5a-4da9-91d4-5d343dbf9c95,"Tiềm năng",Low,1,"Content Creator","Ready Now"
4fc596c2-4455-4445-b7bc-6e4efc01e3c8,"Đặng Ngọc Chi",89.9,65.6,853f65f2-9c5a-4da9-91d4-5d343dbf9c95,"Tiềm năng",Medium,8,"Content Creator","Ready in 1 Year"
b37825f1-9c13-494d-963e-f0724cf62333,"Huỳnh Lan Hoa",86.8,73.5,853f65f2-9c5a-4da9-91d4-5d343dbf9c95,"Tiềm năng",Low,9,"Content Creator","Ready Now"
fabcf54f-7065-4c18-8821-01a428ca1fe5,"Huỳnh Kim Hương",78.2,48.5,15723ce5-6218-41ed-98b8-6d37c2ec3216,"Tiềm năng",Low,8,"Chuyên viên Pháp Lý","Ready in 1 Year"
ab419460-faeb-43cc-abc2-81f1f2744433,"Đặng Thúy Thư",78.5,56.9,15723ce5-6218-41ed-98b8-6d37c2ec3216,"Tiềm năng",Medium,8,"Chuyên viên Pháp Lý","Ready Now"
ceeafa62-beca-4fbf-9514-039445cdfe26,"Ngô Trọng Hùng",80.8,41.9,cd30e78f-ff5c-4541-b163-47591c7062cc,"Tiềm năng",Low,8,"Chuyên viên KD HN","Ready Now"
8d420f57-c4af-43aa-928d-17e088cae7e6,"Trần Ngọc Châu",91.4,45.3,cd30e78f-ff5c-4541-b163-47591c7062cc,"Tiềm năng",Medium,8,"Chuyên viên KD HN","Ready in 1 Year"
e9c96149-cd44-4300-9301-c9549822d40b,"Đỗ Gia Phúc",51.2,40.3,cd30e78f-ff5c-4541-b163-47591c7062cc,"Nòng cốt",Medium,5,"Chuyên viên KD HN","Ready in 2 Years"
5d03b169-2dcc-41bc-84c5-632edba657d2,"Lê Như Thư",48.7,73.6,cd30e78f-ff5c-4541-b163-47591c7062cc,"Tiềm năng",Low,6,"Nhân viên Hỗ Trợ HN","Ready in 2 Years"
9518912a-c13d-4d18-92ac-882f5e685aa3,"Bùi Thu Thư",66.4,40.2,cd30e78f-ff5c-4541-b163-47591c7062cc,"Tiềm năng",Low,5,"Nhân viên Hỗ Trợ HN","Ready in 1 Year"
975ebd77-cfb9-44d4-a895-e36fd185eed8,"Dương Ngọc Anh",63.2,40.5,cd30e78f-ff5c-4541-b163-47591c7062cc,"Nòng cốt",Low,5,"Nhân viên Hỗ Trợ HN","Ready in 1 Year"
3e0655c2-7563-4ade-8950-2748e5832fc4,"Nguyễn Thảo Hằng",89.5,68.1,58204656-7914-4f8c-89a7-d08559725b57,"Tiềm năng",Medium,8,"Nhân viên Hành Chính","Ready in 1 Year"
29d30b47-5163-4fc3-aaf2-32f8c61546ea,"Bùi Thanh Anh",72.7,61.6,58204656-7914-4f8c-89a7-d08559725b57,"Tiềm năng",Medium,8,"Nhân viên Hành Chính","Ready in 1 Year"
f2799ca8-5006-493a-a07f-27872754cb06,"Hoàng Bích Anh",82.4,54.9,58204656-7914-4f8c-89a7-d08559725b57,"Tiềm năng",Medium,8,"Nhân viên Hành Chính","Ready in 1 Year"
7199fb07-11df-42ce-a8bb-66faa6e4b4e8,"Hồ Minh Hạnh",78.4,60.9,58204656-7914-4f8c-89a7-d08559725b57,"Tiềm năng",Medium,8,"Nhân viên Hành Chính","Ready in 1 Year"
47832baf-09a5-41e4-a04e-1800e4992023,"Nguyễn Phương Nhung",73.1,51.2,58204656-7914-4f8c-89a7-d08559725b57,"Tiềm năng",Medium,8,"Lễ Tân","Ready in 2 Years"
3fd311e5-98f7-4fc7-a87f-67ea7d74b0ff,"Dương Thúy Nhung",63.4,69.4,58204656-7914-4f8c-89a7-d08559725b57,"Tiềm năng",Medium,1,"Lễ Tân","Ready in 1 Year"
5755926d-5c91-40a7-a014-1dd3ff5b0e7f,"Võ Hồng Anh",83.7,71.3,58204656-7914-4f8c-89a7-d08559725b57,"Tiềm năng",Medium,9,"Lễ Tân","Ready in 1 Year"
0d7c2088-d8aa-4f54-84fd-446f96f2b967,"Huỳnh Quang Tùng",77.6,56.0,cd30e78f-ff5c-4541-b163-47591c7062cc,"Tiềm năng",Low,8,"Chuyên viên KD HN","Ready Now"
025b9950-be74-46b3-b0cc-62abe14d4e29,"Đặng Trọng Phúc",75.2,65.1,d3a14668-539e-4184-ba8e-5482120e7581,"Tiềm năng",Low,8,"Chuyên viên KD ĐN","Ready Now"
3f5b3143-7e05-4331-9573-566939ccddd1,"Lê Bảo Bình",74.6,46.7,d3a14668-539e-4184-ba8e-5482120e7581,"Tiềm năng",Medium,8,"Chuyên viên KD ĐN","Ready in 1 Year"
d18b107e-2d74-4628-bb34-28ae3b801250,"Trần Thu Thu",71.6,77.6,d3a14668-539e-4184-ba8e-5482120e7581,"Tiềm năng",Low,9,"Nhân viên Hỗ Trợ ĐN","Ready in 1 Year"
8bf3edd4-5147-4b96-b4d7-cfd5eaedea4d,"Vũ Phương Thư",73.8,61.3,d3a14668-539e-4184-ba8e-5482120e7581,"Tiềm năng",Low,8,"Nhân viên Hỗ Trợ ĐN","Ready in 1 Year"
71bd6f41-bed0-4392-b896-cf981b67f234,"Trần Thu Quỳnh",71.8,68.2,d3a14668-539e-4184-ba8e-5482120e7581,"Tiềm năng",Medium,8,"Nhân viên Hỗ Trợ ĐN","Ready in 2 Years"
c0c5db4f-4a1e-4e01-b83e-b758a41816d3,"Hồ Thanh Dũng",70.4,79.3,cfc2cad0-813d-41b8-bbbf-5555d376e7b6,"Tiềm năng",Medium,9,"Chuyên viên Kế Hoạch","Ready in 1 Year"
10deb5a9-1906-4fd3-8e87-9308b51e8643,"Vũ Trí Nghĩa",91.0,67.5,cfc2cad0-813d-41b8-bbbf-5555d376e7b6,"Tiềm năng",Medium,8,"Chuyên viên Kế Hoạch","Ready in 1 Year"
40542304-275f-4ffd-8d4f-3f7d8e5cdf10,"Ngô Quang Khoa",93.3,68.2,cfc2cad0-813d-41b8-bbbf-5555d376e7b6,"Tiềm năng",Medium,8,"Chuyên viên Kế Hoạch","Ready in 1 Year"
c6c76106-299e-4de2-87ec-12810c764fb5,"Đặng Văn Khoa",82.4,57.1,1c74071c-6f03-479a-bb70-56a002c34c3d,"Tiềm năng",Medium,8,"Nhân viên Kho Bãi","Ready Now"
619a12bb-2cdf-49e7-969d-b9f75a25f41a,"Huỳnh Quốc Long",69.6,40.3,1c74071c-6f03-479a-bb70-56a002c34c3d,"Tiềm năng",Medium,1,"Nhân viên Kho Bãi","Ready in 1 Year"
76f72cfd-2204-4bbe-accf-dcf7fc3f6231,"Nguyễn Quang Phúc",93.8,74.9,1c74071c-6f03-479a-bb70-56a002c34c3d,"Tiềm năng",Medium,9,"Nhân viên Kho Bãi","Ready Now"
a9e3b437-5e55-4fce-8368-d445b6fd30bb,"Vũ Hồng Phúc",73.6,89.0,1c74071c-6f03-479a-bb70-56a002c34c3d,"Tiềm năng",Medium,9,"Nhân viên Kho Bãi","Ready in 1 Year"
06189ab2-8310-4cd1-9e39-6070df293c13,"Ngô Đình Huy",64.9,74.5,1c74071c-6f03-479a-bb70-56a002c34c3d,"Tiềm năng",Low,6,"Nhân viên Kho Bãi","Ready in 2 Years"
e7fb57a6-beda-438f-bafe-1f4d92b49929,"Đỗ Đức Khoa",67.2,83.1,1c74071c-6f03-479a-bb70-56a002c34c3d,"Tiềm năng",Medium,6,"Nhân viên Kho Bãi","Ready in 2 Years"
debc6700-5ee6-4260-ac49-4b18419793e3,"Đặng Thị Hương",88.4,73.3,4d6bb379-289d-44bf-9a83-46ad5731cf3f,"Tiềm năng",Low,9,"Trưởng phòng Đào Tạo & Phát Triển","Ready Now"
bd0a400d-0696-448e-8dbb-33fee83d6e76,"Huỳnh Quang Dũng",70.6,80.8,f2caae64-0618-4ab3-813c-ac0bb1665d71,"Tiềm năng",Medium,9,"Trưởng phòng Hạ Tầng & Bảo Mật","Ready in 1 Year"
64bec363-cf58-4294-af25-88f61e785a66,"Trần Thanh Quỳnh",83.8,59.0,4d6bb379-289d-44bf-9a83-46ad5731cf3f,"Tiềm năng",High,8,"Chuyên viên Tuyển Dụng Cao Cấp","Ready in 1 Year"
7c9d515e-0dd1-47c3-ade9-c322b023324e,"Bùi Bích Ngọc",80.1,62.7,4d6bb379-289d-44bf-9a83-46ad5731cf3f,"Tiềm năng",Medium,8,"Chuyên viên Đào Tạo Cao Cấp","Ready in 1 Year"
bec29db6-9a48-479b-94f8-7b5f4303ddc8,"Dương Mỹ Ngọc",80.0,87.1,4d6bb379-289d-44bf-9a83-46ad5731cf3f,"Kế thừa",Medium,9,"Chuyên viên Đào Tạo Cao Cấp","Ready in 1 Year"
49791c69-80c3-4621-84dd-568d1802f003,"Huỳnh Trí Phương",78.7,66.7,abab928d-5192-4a3d-85f8-ef4d890c225a,"Tiềm năng",High,8,"Kiểm Toán Viên Cao Cấp","Ready in 1 Year"
86cd344d-9010-4978-b9ef-5534c029f367,"Trần Bảo Nghĩa",47.5,56.7,0909368e-fb16-4fc4-a334-d2f0fb4edd91,"Nòng cốt",High,5,"Key Account Manager","Ready in 2 Years"
e98a0eb1-ff87-4147-b054-3489cfcfa393,"Nguyễn Trí Khánh",62.7,73.3,f2caae64-0618-4ab3-813c-ac0bb1665d71,"Tiềm năng",Medium,6,"Senior Developer","Ready in 1 Year"
a2fcf612-fa3a-4429-b589-2d9593f8b40b,"Hồ Hữu Đức",50.7,65.5,f2caae64-0618-4ab3-813c-ac0bb1665d71,"Tiềm năng",Medium,5,"Senior DevOps Engineer","Ready in 2 Years"
2fa0335c-e1aa-41c0-a402-08a34f34b97c,"Nguyễn Đức Hải",67.4,40.3,1c74071c-6f03-479a-bb70-56a002c34c3d,"Tiềm năng",Low,5,"Supervisor Kho Bãi","Ready in 2 Years"
a286cfe4-b605-40d4-858b-32969e090954,"Đặng Quốc Châu",88.9,61.7,1c74071c-6f03-479a-bb70-56a002c34c3d,"Tiềm năng",Medium,8,"Nhân viên Kho Bãi","Ready in 1 Year"
5f7e1d7e-eed7-4a74-b199-d9862d92e339,"Đỗ Đức Huy",65.6,82.7,1c74071c-6f03-479a-bb70-56a002c34c3d,"Tiềm năng",Low,6,"Nhân viên Kho Bãi","Ready in 2 Years"
c807e47e-a67d-4761-afdc-59120330fd07,"Hồ Văn Đức",62.1,55.6,1c74071c-6f03-479a-bb70-56a002c34c3d,"Nòng cốt",Medium,5,"Nhân viên Kho Bãi","Ready in 2 Years"
dcef4f1f-6451-496b-8333-a9d43e6e7d57,"Hồ Thanh Phương",46.7,63.0,1c74071c-6f03-479a-bb70-56a002c34c3d,"Nòng cốt",Medium,5,"Nhân viên Kho Bãi","Ready in 2 Years"
93b49af7-869b-4e95-9ddf-8775351e10d6,"Đỗ Thúy Châu",70.7,77.5,853f65f2-9c5a-4da9-91d4-5d343dbf9c95,"Tiềm năng",Low,9,"Senior Marketing Executive","Ready in 1 Year"
c5924f48-f38a-4fb1-abd6-c726d60ff1a8,"Hồ Lan Linh",73.9,80.0,0909368e-fb16-4fc4-a334-d2f0fb4edd91,"Tiềm năng",Medium,9,"Nhân viên CSKH","Ready in 2 Years"
8ec3f190-19b9-4707-80b7-aff23c3508ee,"Huỳnh Bích Hà",64.9,75.8,15723ce5-6218-41ed-98b8-6d37c2ec3216,"Tiềm năng",Medium,6,"Chuyên viên Pháp Lý Cao Cấp","Ready in 2 Years"
833e6023-b798-40b3-a83d-8c5fc10045b1,"Phạm Mỹ Hà",67.1,74.0,abab928d-5192-4a3d-85f8-ef4d890c225a,"Tiềm năng",Medium,6,"Kế Toán Viên","Ready in 2 Years"
7146bcec-d1f0-4316-808c-ee16ff366a40,"Hồ Minh Phúc",64.3,76.6,1c74071c-6f03-479a-bb70-56a002c34c3d,"Tiềm năng",High,6,"Nhân viên Vận Chuyển","Ready in 2 Years"
5f5c812d-ccb4-4d12-b40d-09164cfcafe2,"Hoàng Hữu Hùng",61.3,53.8,1c74071c-6f03-479a-bb70-56a002c34c3d,"Nòng cốt",Medium,5,"Nhân viên Vận Chuyển","Ready in 1 Year"
808f8482-4028-47be-b9c0-e6ddab448149,"Trần Thu Châu",69.1,68.4,15723ce5-6218-41ed-98b8-6d37c2ec3216,"Tiềm năng",Medium,1,"Chuyên viên Pháp Lý","Ready in 2 Years"
c88dd797-647d-422d-9fa9-9bc45ba5c543,"Võ Hồng Châu",61.6,45.5,d3a14668-539e-4184-ba8e-5482120e7581,"Nòng cốt",Medium,5,"Chuyên viên KD ĐN Cao Cấp","Ready in 2 Years"
c69d3dcf-6191-4017-85e6-9ad21dee6b45,"Huỳnh Mỹ Nguyên",82.4,70.3,abab928d-5192-4a3d-85f8-ef4d890c225a,"Tiềm năng",Medium,9,"Kế Toán Viên","Ready in 1 Year"
b188ec01-9c26-42f4-9a93-e1113cb1d578,"Phạm Thúy Thư",55.4,85.4,abab928d-5192-4a3d-85f8-ef4d890c225a,"Tiềm năng",Low,6,"Chuyên viên Tài Chính","Ready in 2 Years"
07744ef1-4e81-4927-a217-84244125eab7,"Ngô Hồng Anh",82.3,57.3,0909368e-fb16-4fc4-a334-d2f0fb4edd91,"Tiềm năng",Low,8,"Chuyên viên Kinh Doanh","Ready Now"
b1f191c8-0127-4b3e-a8d0-0816b5ded50e,"Ngô Đức Hùng",76.7,52.1,0909368e-fb16-4fc4-a334-d2f0fb4edd91,"Tiềm năng",Medium,8,"Chuyên viên Kinh Doanh","Ready in 1 Year"
3bb76ee6-aa32-4db6-b9e8-36ddfd2c0f76,"Dương Minh Anh",88.4,46.3,f2caae64-0618-4ab3-813c-ac0bb1665d71,"Tiềm năng",Medium,8,Developer,"Ready Now"
9a9ae8ef-9b0a-4c0a-b40a-27b0416957dd,"Lê Hồng Hoa",84.1,76.0,f2caae64-0618-4ab3-813c-ac0bb1665d71,"Kế thừa",Low,9,"QC Engineer","Ready Now"
a8175f68-60d4-4605-9592-914cd0934355,"Vũ Thanh Thành",86.3,68.6,f2caae64-0618-4ab3-813c-ac0bb1665d71,"Tiềm năng",Low,8,"System Admin","Ready Now"
d8e062a5-c5b5-4964-ab27-c7553bc81c19,"Lê Thanh Phương",49.2,69.3,1c74071c-6f03-479a-bb70-56a002c34c3d,"Tiềm năng",High,1,"Nhân viên Kho Bãi","Ready in 2 Years"
280dd5dc-0015-4f8b-9ac5-6d19e8499ad2,"Hoàng Công Hải",56.4,55.0,1c74071c-6f03-479a-bb70-56a002c34c3d,"Nòng cốt",Medium,5,"Chuyên viên Logistics","Ready in 2 Years"
173944bf-3ee7-4ce1-a770-985cec3ffb23,"Ngô Thúy Hằng",65.2,88.3,853f65f2-9c5a-4da9-91d4-5d343dbf9c95,"Tiềm năng",Medium,6,"Marketing Executive","Ready in 1 Year"
f3d58f37-6564-495b-89c7-78db83a11cbd,"Trần Thúy Thu",47.5,51.1,15723ce5-6218-41ed-98b8-6d37c2ec3216,"Nòng cốt",Medium,5,"Chuyên viên Pháp Lý","Ready in 2 Years"
e31355a8-efe0-44f8-ab91-cd9ce3e505b3,"Đặng Thanh Hạnh",69.6,81.1,58204656-7914-4f8c-89a7-d08559725b57,"Tiềm năng",Medium,1,"Nhân viên Hành Chính","Ready in 2 Years"
7f0fa6ae-6dc0-4dfa-a7ee-4a668c73ba63,"Bùi Lan Hà",90.7,48.8,4d6bb379-289d-44bf-9a83-46ad5731cf3f,"Tiềm năng",Medium,8,"Chuyên viên Đào Tạo","Ready Now"
784b8a3e-701e-4778-b161-e80438a534fc,"Nguyễn Đình Châu",50.1,68.7,f2caae64-0618-4ab3-813c-ac0bb1665d71,"Tiềm năng",Medium,5,"System Admin","Ready in 2 Years"
17151384-2f76-4483-a8af-19b9fad566af,"Huỳnh Hữu Huy",73.1,77.6,cd30e78f-ff5c-4541-b163-47591c7062cc,"Tiềm năng",Medium,9,"Chuyên viên KD HN","Ready in 1 Year"